Date,Mood
2025-03-01,Happy
2025-03-02,Happy
2025-03-03,Happy
2025-03-04,Happy
2025-03-05,Happy
2025-03-06,Happy
2025-03-07,Neutral
2025-03-08,Neutral
2025-03-09,Neutral
2025-03-10,Stressed
2025-03-11,Stressed
2025-03-22,Stressed
2025-03-13,Stressed
2025-03-10,Stressed
2025-03-14,Sad
2025-03-15,Sad
2025-03-16,Stressed
2025-03-17,Sad
2025-03-18,Angry
2025-03-19,Angry
2025-03-20,Stressed
2025-03-21,Angry
2025-03-22,Neutral
2025-03-23,Stressed
2025-03-24,Sad
2025-03-25,Angry
2025-03-26,Happy
2025-03-27,Stressed
2025-03-28,Angry
2025-03-29,Happy
2025-03-30,Stressed
2025-03-12,ğŸ˜€ Happy
2025-03-12,ğŸ˜ Neutral
2025-03-12,ğŸ˜€ Happy
2025-03-12,ğŸ˜¢ Sad
2025-03-12,ğŸ˜¡ Angry
2025-03-12,ğŸ˜€ Happy
2025-03-12,ğŸ˜¢ Sad
